gen_loss,disc_loss,fid_score,is_score,step
0.7359598077419202,1.1319826349349278,522.0972997018489,2.949812650680542,1
0.4535368234621804,1.375094852407875,322.9967591609499,3.6767959594726562,2
0.431598318233381,1.379465810173308,237.88545750247323,4.172995090484619,3
0.46872315431237604,1.3686655891673338,261.90375880396687,4.456409454345703,4
0.4342435197452145,1.3735791130748856,256.05140261007875,4.440052509307861,5
0.39660079313484986,1.3961914054420599,223.0578667338794,4.875522136688232,6
0.40926995655388365,1.4103993431991324,225.33480921077341,4.580540657043457,7
0.39807511260971196,1.4117447564668972,175.83479594336558,4.922043323516846,8
0.38719640016946416,1.4202828814306527,173.47642249510798,4.960590839385986,9
0.39340075502967664,1.434707620259746,169.7257429451687,5.0462260246276855,10
0.38100241729572815,1.4213726758347143,180.71219448495413,5.15161657333374,11
0.3743237722545977,1.4438099617238545,179.2525004123729,4.915919303894043,12
0.3922720897318724,1.443902134742883,169.02648042556368,5.385337829589844,13
0.3668429650725973,1.4623654817071412,195.20829950312094,4.9520111083984375,14
0.36358709599408306,1.460263763394807,185.64742990661682,5.128960609436035,15
0.36702595810022426,1.4539117549386475,159.51738369324067,5.281576156616211,16
0.35164193800933985,1.4597170778247706,148.44366046645743,5.168424606323242,17
0.3733450552029416,1.4604137382848794,169.818258049905,5.561244487762451,18
0.3616963227867813,1.4864812979612814,149.56781087411997,5.4317755699157715,19
0.36870860460493,1.477192911498077,149.4701385653663,5.740850925445557,20
0.34904898112149113,1.4802076722045079,137.92463319412974,5.579274654388428,21
0.3194837816728903,1.4853937750887078,150.43160107773778,5.148423194885254,22
0.34593230858683355,1.4767941404181673,161.780911345036,5.440676212310791,23
0.36091246651461745,1.4967131419559878,147.80610240364751,5.530721664428711,24
0.3546693088758327,1.5112405955943915,154.5181620483107,5.5726847648620605,25
0.3266826942372505,1.5045152003198023,143.94759427541086,5.835247039794922,26
0.3323104829167771,1.5149581232644103,147.71977703223337,5.479494094848633,27
0.33497095221767914,1.5155375218757279,134.39554578429576,5.658266544342041,28
0.3288114515890646,1.5196659064963651,150.0425441596683,5.63547420501709,29
0.3284736484672655,1.524451534613929,131.14811333579038,5.5621867179870605,30
0.30795968273330643,1.53045203893081,133.52115260556317,5.456141471862793,31
0.3296024290573262,1.5360813427459248,117.41324890874628,5.734503746032715,32
0.3098093173192704,1.544602345246488,133.0893452763855,5.852588176727295,33
0.31023613766640845,1.5308122543422766,146.6738800900461,5.536095142364502,34
0.3232974772653578,1.5501446772719283,124.1965593768385,5.92458438873291,35
0.31046652716948936,1.545928972913786,142.7580613722951,5.902251720428467,36
0.2874480464490955,1.54427646782697,146.27946249622536,5.58773136138916,37
0.2964270650474664,1.5554831130882663,143.95161078741282,5.737218856811523,38
0.2928224046276334,1.549935188744684,132.35637505993887,5.710314750671387,39
0.2969173992754144,1.5565642158088782,137.50463755737024,5.792041301727295,40
0.30086569376218386,1.5596457838707263,128.61218635594727,5.657265663146973,41
0.3018830596062038,1.5492233628659602,135.29564392181103,5.842771053314209,42
0.2955008365828401,1.5627910955177853,133.5468690172603,5.540474891662598,43
0.30580253388656453,1.5483376598724015,119.26555397754251,5.490927696228027,44
0.2927294142015488,1.5403245847548366,126.67745672806015,5.73898458480835,45
0.3140407180404076,1.5568831750499013,113.91811675099707,5.982880592346191,46
0.2755226519713869,1.5487862758319397,115.20752591429115,5.9002461433410645,47
0.3226056547044679,1.5580327812668002,129.06847502941503,5.551682949066162,48
0.3113502728254975,1.5541580425351478,114.42264816467883,5.9568867683410645,49
0.3163100073704749,1.5565662108114005,118.92027013750737,6.038252353668213,50
0.30097779793345636,1.5532982311285366,128.02609261510597,5.572571277618408,51
0.29998510874583934,1.5527092230594373,109.80695349290886,5.991621494293213,52
0.2986353578634293,1.5604468393508735,124.21985093960001,6.119444370269775,53
0.30092844665121965,1.557619549124442,118.57432108220581,6.037685394287109,54
0.2888139236868476,1.559950262917887,117.1634748620575,6.132699966430664,55
0.28164864239304344,1.5588911851043896,104.27632412977678,6.134598731994629,56
0.30384218763760135,1.5604143057332929,118.17504893437828,5.92479944229126,57
0.28727961650423117,1.5636417320012437,119.14783344809604,6.019733905792236,58
0.30232220070670024,1.5665420876134692,111.16427630792539,6.14109992980957,59
0.3233941052123294,1.5744160352765446,111.27759882713015,5.722151756286621,60
0.27868825942158815,1.568248385206208,118.08414132935101,5.783210277557373,61
0.2959617839928459,1.5741899682737677,102.83986670499364,6.136936187744141,62
0.2826854071217825,1.5728805792301208,119.51538468498369,6.119718074798584,63
0.29286425337052485,1.577222204879117,115.09562797798779,6.0480146408081055,64
0.29250070817716173,1.5743409389120233,111.15128888816034,5.923808574676514,65
0.2881024276999676,1.5744328221396717,112.35895251587662,6.1585187911987305,66
0.27703951917055164,1.5695699317680905,107.79385485480401,6.197597026824951,67
0.2844832965102561,1.568289409817942,120.2280546113285,6.103286266326904,68
0.29230412293720964,1.5750779771743832,124.74511809848966,5.653528690338135,69
0.290002811148696,1.5805129835672695,124.18721997719939,6.073951244354248,70
0.27176821039980065,1.574627801737822,117.58679147299972,6.295999050140381,71
0.2810708777038166,1.5704624146756614,106.07482346316024,6.163411617279053,72
0.2783753182226911,1.5746274101154885,109.00526646994331,6.2836689949035645,73
0.30821603215287635,1.576843697244249,114.50918515952284,5.943057537078857,74
0.2893002949990904,1.580612109445245,100.6005257849317,6.44447135925293,75
0.28218178316960324,1.576855884945911,111.09865579792853,5.9432597160339355,76
0.2855523988054327,1.580599485913201,119.20043633062033,6.062673568725586,77
0.31965380192727155,1.577310730276815,109.12450569184112,6.13507080078125,78
0.2824537252383235,1.5810324429246165,104.89736286130514,6.137641429901123,79
0.29090406924791046,1.5872049500112948,106.2095332329458,6.1494245529174805,80
0.289726713372161,1.5704428123696077,103.89897661324723,6.012982368469238,81
0.2778801375433155,1.5793125057769248,115.73609021471287,6.026019096374512,82
0.26990223442063765,1.5811731675091911,103.60990337781269,6.325897693634033,83
0.3108169669130593,1.5834402323074048,106.35648604962114,6.073463439941406,84
0.28735804135608667,1.5764622948968503,111.01326843581276,6.072790622711182,85
0.27739341652063687,1.5911437337050962,105.54294478148518,6.178586483001709,86
0.28636230523352657,1.5798593806793622,113.747850625475,6.042261123657227,87
0.288666796271482,1.5809853619626721,106.93817552762448,6.2070817947387695,88
0.28087871539694687,1.5752305891507727,120.0117372414833,6.001477241516113,89
0.27927476789354516,1.5856993106929846,101.50418786720176,6.175463676452637,90
0.27599198029012134,1.5781444342392486,103.22993010854506,6.079639434814453,91
0.26823464443530803,1.5842824134680316,109.20593645562536,6.041689395904541,92
0.29600072134872113,1.5870210092390895,108.1289148599118,6.148284435272217,93
0.26553447444773165,1.58687895170563,93.90912839034027,6.3860182762146,94
0.28929403685438243,1.5905416478281436,100.69334476248059,6.371182918548584,95
0.2642986074993935,1.5862363489997355,106.67079564329092,6.200647830963135,96
0.294222364716632,1.584489044554703,92.90134832184096,6.095755100250244,97
0.28952495105352605,1.5862331135803476,92.8979915384885,6.285701751708984,98
0.28108076460521353,1.5916266349880286,101.21738570363149,6.1834821701049805,99
0.2898719203801316,1.5858428551412909,96.26083810523042,6.229326248168945,100
0.27482326245387956,1.5845367772804806,93.95764740415967,6.318891525268555,101
0.27568375097964043,1.5844643394965345,100.16218436344576,6.1551618576049805,102
0.26452039095842284,1.5927256017999576,93.37499626601407,6.317410945892334,103
0.28049368606141917,1.5809451425471879,101.33361354043285,6.193511962890625,104
0.27830687137153903,1.586785778974938,100.05950635712051,6.287420749664307,105
0.28499855961093246,1.590652966438352,103.34949350690069,6.334889888763428,106
0.27525677835887963,1.5853562461750588,103.15539477630512,6.199107646942139,107
0.27790291943227696,1.5931866891548763,94.89325246543387,6.458054065704346,108
0.285640910193991,1.593674564148154,94.5382339096783,6.379490375518799,109
0.2786254717919575,1.5887209704464964,91.76008556802306,6.309959888458252,110
0.280080964541077,1.587049415196909,90.51737904851323,6.480685710906982,111
0.27935336965143376,1.5921423587652728,102.73355960110798,6.2098517417907715,112
0.27346540253866664,1.5896261390822624,95.80649491394198,6.268921375274658,113
0.2671817843516445,1.5953067071602474,99.06068094425565,6.430912017822266,114
0.27133147187216583,1.603331578509582,97.23003046115633,6.276358127593994,115
0.2796594744186153,1.6023231203598745,100.19910517731115,6.269667625427246,116
0.2893880029420947,1.58500597887027,97.53372489747517,6.356699466705322,117
0.274091216979091,1.5948644576170254,91.73701074789149,6.2742767333984375,118
0.2655181718687705,1.5908860952957817,98.94901198465402,6.151858806610107,119
0.27064626596753705,1.5957825578692015,89.69607370886584,6.360020637512207,120
0.2874215187331009,1.6038999676399524,85.56367479441847,6.38089656829834,121
0.27937200213389474,1.596581613163814,88.77497852485791,6.564513206481934,122
0.2742143741825505,1.60087121173244,100.02054524486752,6.193665981292725,123
0.2726583348603829,1.6053386650731802,105.88270316076543,6.173151969909668,124
0.27819068347106274,1.6020246701472252,95.29842471553185,6.390801429748535,125
0.2783105823990253,1.5973101412243855,92.19235483044673,6.33383321762085,126
0.2825946591561065,1.5921862626929417,99.49170656118228,6.15262508392334,127
0.27109431798148265,1.5887003211718995,89.28649116586266,6.372803211212158,128
0.27824803817328875,1.5960481497637755,92.4517288736286,6.13092041015625,129
0.26717121781343045,1.6036458577188994,90.16639005759738,6.348202705383301,130
0.2808500341118297,1.600024433392088,90.81191342526091,6.470188617706299,131
0.272724919649951,1.6043796127714465,86.09282942296568,6.268641471862793,132
0.25587535466846373,1.6127546379328384,97.61191002572234,6.309312343597412,133
0.2772319784585644,1.6075288878987208,90.66299439946931,6.251607894897461,134
0.28435259270708046,1.605486582154813,86.91861588988152,6.237199306488037,135
0.2658422003700243,1.598749341867159,91.00985396611856,6.031246185302734,136
0.2763515442843213,1.6027757961426854,91.8780139938128,6.400273323059082,137
0.27695792994302365,1.5988455966610433,91.3936506946099,6.413060188293457,138
0.25894345730052465,1.6090446835588617,86.6807451678186,6.146189212799072,139
0.2768553546677484,1.6061471180842661,102.75044065885061,6.228074073791504,140
0.2783299760245111,1.6028726852458457,89.72159356894453,6.442737579345703,141
0.2794521743624621,1.5986866129328832,90.79573701059093,6.340007781982422,142
0.2711961164027262,1.6093617305731225,95.74999614393263,6.254388809204102,143
0.26297708040655915,1.6083485342352593,88.0864098589337,6.646989822387695,144
0.2546205145540311,1.6087813173108698,90.9112810222799,6.601213455200195,145
0.271362206299582,1.605010323817163,89.50984334998117,6.249250411987305,146
0.25917863286912557,1.6038604718644907,95.92998235707626,6.410938262939453,147
0.2744873362495695,1.6072665997173474,97.3062636243753,6.48291540145874,148
0.25578518762477126,1.6030038049458848,83.93501998254919,6.6594367027282715,149
0.2705684131811685,1.6062081241241806,97.4752639614162,6.27172327041626,150
0.2700324786524467,1.6014992920943842,90.34591656445646,6.314620494842529,151
0.26183927052266076,1.6035286089038605,94.93296186910194,6.558493614196777,152
0.2779609998652373,1.6103792830806254,88.32044202886567,6.3898606300354,153
0.26583598067452824,1.6062090323709162,89.44087117424213,6.615940570831299,154
0.27792332551020493,1.6014008633316021,80.25668621745912,6.490042686462402,155
0.28083271661396986,1.603946893873727,88.93572749097319,6.3839430809021,156
0.26958402763942585,1.605143131197566,85.94610502044264,6.566253185272217,157
0.25465130695806404,1.6124564467183768,85.30889540510202,6.460434913635254,158
0.26352627318747857,1.6130401018025624,89.52927797737021,6.422296047210693,159
0.24925353683416954,1.6099592381731018,84.62224364614056,6.584214210510254,160
0.26301293001364906,1.6134886929141286,88.74634450132274,6.541661739349365,161
0.27068644527898494,1.6096944604688288,92.92455485745639,6.322464942932129,162
0.25783811965445175,1.6079911005771375,90.81594750020122,6.767946243286133,163
0.25599442007820433,1.6124438474245388,90.2870765320704,6.498434543609619,164
0.257557755298055,1.6092823018198428,81.21927595083213,6.599893093109131,165
0.2541388793011217,1.6104270602431139,90.46522465665618,6.239438533782959,166
0.26471297980984076,1.6120097833826108,92.69441067700313,6.239650726318359,167
0.2505823323893768,1.612509237530896,90.48355491442099,6.36876916885376,168
0.2561860252028841,1.6076877126303475,93.8083804551274,6.459183216094971,169
0.2505954181754014,1.6102583629395955,95.39524017443296,6.205597400665283,170
0.2654855327652124,1.6098398602832005,101.66761074784314,6.13062858581543,171
0.26545780500911575,1.6046122768346,91.64884215635233,6.5806803703308105,172
0.2630860602061557,1.6191491681291623,86.9858546083757,6.469188690185547,173
0.2514507099283416,1.6118051487466563,88.49749818980281,6.566562175750732,174
0.27147030439751835,1.6095722057020572,92.02555257587109,6.518199443817139,175
0.27224192742729925,1.608629719832974,94.00817902802731,6.385797500610352,176
0.26726792745954353,1.6139943503662753,86.37357049754876,6.457817077636719,177
0.2615586478713319,1.608042753108627,80.86300208271597,6.610898971557617,178
0.26623842755304006,1.6070182023145962,85.74345552830232,6.421042442321777,179
0.25987383088959226,1.6137465479428812,90.82650426409903,6.53581428527832,180
0.2730464643746367,1.6098326690056746,85.98422056508008,6.752170562744141,181
0.2683303209505213,1.61447713655584,91.82879364425003,6.402112007141113,182
0.2636876864873273,1.6233872969437133,87.55292957288071,6.510433197021484,183
0.2632188713219722,1.6091520975312918,86.211204927736,6.582011699676514,184
0.2592131756615284,1.6149331037040866,89.77009635138515,6.183891773223877,185
0.260785111685848,1.617111843870119,85.215097528203,6.554752349853516,186
0.26432656447577013,1.608091839744002,84.94283919540788,6.66270637512207,187
0.2721008216352452,1.6226328646435457,82.7338644119983,6.297365188598633,188
0.2655029761666894,1.6195709909624456,95.7992354341269,6.226150989532471,189
0.2696268600078247,1.6209318675958286,78.66054261337894,6.60097599029541,190
0.2579663269521902,1.6234322851118834,79.87173181014603,6.556454658508301,191
0.2601739777040089,1.6182986124397238,86.40465877558336,6.339348793029785,192
0.26010457731549963,1.6164020851749898,86.22979992571119,6.312826633453369,193
0.2630759722992654,1.6243322131883762,81.69177295341574,6.538228511810303,194
0.26477411045881033,1.6232452386480463,87.19205701837348,6.234468936920166,195
0.2612523097637803,1.619934471824285,81.53239150986053,6.746267318725586,196
0.26589195302787627,1.6147824400831061,86.37230110802767,6.515237808227539,197
0.25844346821341485,1.6144558686734465,87.1064365666686,6.24906063079834,198
0.25174193511909954,1.614422919652651,91.59002387157246,6.307968616485596,199
0.26547295332807674,1.6159901445174156,92.08412791208866,6.431396484375,200
0.2629765714471088,1.616230641332124,83.07926152689033,6.573009014129639,201
0.2441901490175644,1.6155037681769837,75.48846387947657,6.472851753234863,202
0.26513377815018146,1.6093918374737206,85.58308393956648,6.613776206970215,203
0.25655024293917317,1.616034499976946,84.23598018902034,6.670144081115723,204
0.25040156099721406,1.6171170049311254,83.91240232893941,6.489452362060547,205
0.2534690233128493,1.6193910459118426,81.37680369870823,6.535646915435791,206
0.25221321527319757,1.6155055826887146,85.75846511345247,6.396928310394287,207
0.27232170966037017,1.624276612420826,83.88844672121446,6.60120964050293,208
0.2619191435900519,1.6143739042074785,76.67369156151626,6.458555698394775,209
0.2630429948963549,1.6164553628858094,82.80572303945107,6.63868522644043,210
0.26966361419471635,1.6174566352458866,83.05738678139309,6.49200963973999,211
0.2574098861819166,1.6186104313186978,85.00160405694974,6.530372142791748,212
0.2607198657540609,1.6149323017091093,84.00493987713827,6.662578582763672,213
0.2555909590352603,1.6167461410202943,90.29146844400451,6.389952182769775,214
0.27849217201166254,1.62028312439199,82.32465406566473,6.5003767013549805,215
0.2453934638570432,1.613087906556971,85.18245214655032,6.411966800689697,216
0.26545008418776683,1.612932938520256,85.80113791085182,6.401279449462891,217
0.2672243173117452,1.6160232490285888,77.78901600300311,6.6251301765441895,218
0.2619999818172773,1.6164708713741254,74.79845133694323,6.544290542602539,219
0.26584378220593496,1.617035898253741,85.96432546809972,6.352133274078369,220
0.2647485293607559,1.6183992668490885,78.67524854999354,6.644427299499512,221
0.2642705624868326,1.6163683736415775,87.78530511387694,6.343401908874512,222
0.2631891900125672,1.6160835500263497,84.31680812275962,6.372337818145752,223
0.2580286547925104,1.6210849012255364,82.72103161873645,6.676495552062988,224
0.2712971869834682,1.6163540122759006,80.85865513787762,6.69281530380249,225
0.26696075333277586,1.6145772455293503,76.50565517671481,6.463724136352539,226
0.2486873694273936,1.6216913309243635,81.29261742519321,6.540265083312988,227
0.2691181282598592,1.6213730492860154,83.1263613317098,6.6492390632629395,228
0.26795199135666153,1.6256331731291378,79.40039129625256,6.65576696395874,229
0.2700399640957108,1.6233040964816843,88.70017521947989,6.651101112365723,230
0.25958198874169375,1.619472637658229,85.68148972070061,6.7248358726501465,231
0.2761807616816743,1.6241698914476672,74.52510520893006,6.569306373596191,232
0.25303650752145823,1.6176330349634371,80.47844899961576,6.389142990112305,233
0.25260175925815276,1.6187792417338438,75.16499168377189,6.807598114013672,234
0.2601575637117143,1.6193045453952097,83.65864501172992,6.566319465637207,235
0.2835120720934132,1.6203184354945521,89.03895505013153,6.3273701667785645,236
0.2520792847124102,1.6161158600121812,89.1952859840499,6.407148838043213,237
0.25451756356512684,1.6182618988749315,83.37107247233864,6.36366605758667,238
0.2487400114593451,1.6192151753189008,81.18893703233977,6.68196964263916,239
0.26170242298989915,1.615265685274168,79.4980734021837,6.75783109664917,240
0.26931129646061175,1.622343042927325,82.28835720937091,6.361438751220703,241
0.2577403034226459,1.6181412145609746,87.26846478827595,6.495100021362305,242
0.26933079773245755,1.6313427209549243,78.39672518681095,6.799116134643555,243
0.2589463633860288,1.6248714272933238,80.45097544299244,6.678497314453125,244
0.2803824136767279,1.6201708818335667,83.26889457462727,6.614679336547852,245
0.2638775577299449,1.6223532819686948,77.73400461574607,6.785170555114746,246
0.26607284838776757,1.6182276138564204,77.97855030376572,6.620267868041992,247
0.24795741659334247,1.6223880685198948,87.30854587212518,6.673009395599365,248
0.2563831054991411,1.625334416661421,82.03265438527893,6.710798740386963,249
0.27564685844966325,1.6290316497883224,72.46124590984653,6.5187201499938965,250
0.2627825662648529,1.6330364041621117,73.34952513602326,6.612425804138184,251
0.2429895674824105,1.6312512955092409,83.01257589634454,6.511604309082031,252
0.26111464250994765,1.623155019167439,88.15920733272343,6.337703704833984,253
0.2602164411376638,1.6188711857856692,81.32977253040058,6.62087345123291,254
0.2531072615903071,1.6205516969761276,81.62638886973684,6.70211935043335,255
0.24927789961223673,1.624168425112429,77.88715910425053,6.845368385314941,256
0.244539725583504,1.6227043104903471,81.18959986885189,6.3499274253845215,257
0.2472129017543381,1.624353970713018,73.24063094957366,6.633224010467529,258
0.241360105314504,1.6244593944086139,85.43435196617183,6.601064205169678,259
0.24278819173707833,1.6230050233928748,77.44021360517624,6.679255962371826,260
0.24921282972483075,1.6256546461978532,90.99086678126363,6.309182643890381,261
0.26277103043063677,1.6221603295382332,82.06430758635825,6.449875831604004,262
0.25738264007560546,1.6235335342719426,78.24006437344971,6.537957191467285,263
0.2534121837243057,1.6200406476664726,78.01760254193312,6.73854398727417,264
0.2683962441902236,1.6248187511168477,85.17459405127542,6.5048065185546875,265
0.2558312448303756,1.6230243737130519,80.67628133140252,6.8050384521484375,266
0.2544052548423085,1.6303436914673242,85.67060266069102,6.359930038452148,267
0.24019513952800686,1.6231339165316823,75.57061405301992,6.5779337882995605,268
0.2653735723177357,1.6255783117030893,76.26330880038087,6.44252872467041,269
0.2660608734444851,1.6257710897404214,83.52716427405852,6.443620681762695,270
0.2662454440027399,1.6295762772450362,78.73045901792092,6.472758769989014,271
0.2588011730168148,1.6340497335814455,77.98800699990606,6.5641913414001465,272
0.24475205827699711,1.6297580642468483,85.22115208446425,6.3755645751953125,273
0.25356597228504507,1.6265077876008076,76.1080739092689,6.516798496246338,274
0.26961635777612436,1.6276336464735552,78.23928808262332,6.537698268890381,275
0.25016654029314683,1.6237980612098712,80.42093459624905,6.656252861022949,276
0.2504389151952246,1.6252279277042965,76.97283374382178,6.749706745147705,277
0.2537402918209772,1.6249683837756477,83.40861489871439,6.537313938140869,278
0.2526379044744117,1.6251156619747582,84.15409486813661,6.671629428863525,279
0.271039040590091,1.6250073705487849,79.17871951207461,6.668180465698242,280
0.25327275841094343,1.6248888835272826,78.28853110709167,6.536129951477051,281
0.2649474299246031,1.6264988481236236,76.02343746202736,6.591262340545654,282
0.24414237339973754,1.6325250249689498,83.93074158357115,6.570355415344238,283
0.24222631923273166,1.6277515612294913,74.87760585597613,6.6485395431518555,284
0.24915958128874297,1.6271078803045365,76.52300503316391,6.661351680755615,285
0.26340449495417306,1.6295364898488955,71.87707933503826,6.574151039123535,286
0.26912746389808556,1.6274740787418298,78.61770292532435,6.625078201293945,287
0.2559174191613998,1.6256085399471585,77.26855497680484,6.521352767944336,288
0.2547956764974329,1.629303845908026,82.86857909646288,6.574966907501221,289
0.2605585050376137,1.629063922730858,78.58277306589851,6.48732328414917,290
0.24773280262170583,1.6312351397541174,77.00148738495585,6.5571064949035645,291
0.2503117886252816,1.6335091668626536,84.49082655202355,6.936526775360107,292
0.2527795834204806,1.631309005000707,83.08854406683247,6.666390419006348,293
0.26791929417644694,1.628571626170517,87.15215135217339,6.363467216491699,294
0.24516634072017524,1.6336804366172732,79.47030007654297,6.711343288421631,295
0.26409461273266305,1.6312696488617022,80.91231555556922,6.846044540405273,296
0.26123427975949026,1.6231951430020735,72.59747117631835,6.664240837097168,297
0.25766475074579154,1.627307835747214,82.81900584650356,6.674710750579834,298
0.2620997746174922,1.6287593455875622,77.02465090502027,6.56045389175415,299
0.25275260273514844,1.6295339434652987,79.87691900710215,6.344986915588379,300
0.2433133012927173,1.6271723130779803,75.58001407335679,6.735784530639648,301
0.24793410390887,1.6261949598636773,72.91919821713799,6.821533203125,302
0.2596738190435426,1.639134534179707,76.1947087141504,6.669493198394775,303
0.2450217395149114,1.6269057957107758,82.6671950137383,6.671633720397949,304
0.25542279052288486,1.6353328959716251,81.48820049959231,6.9463019371032715,305
0.24963298576343282,1.6307495311093148,72.24899726470608,6.620368957519531,306
0.2616998021612349,1.6235949305622168,77.02593009450612,6.710849761962891,307
0.2551839995374212,1.625934406162223,73.90646754874888,6.873891830444336,308
0.24929854567126963,1.6296010941190793,86.43087963677412,6.530251502990723,309
0.2611746070787425,1.6312837010759222,83.48494355582869,6.458036422729492,310
0.24668924787374752,1.6280851908352063,74.94288401904186,6.5490217208862305,311
0.24943444391121836,1.6315152122236578,73.20701293219982,6.765341758728027,312
0.27147955862362216,1.6355472824457662,74.10920766500345,6.603945255279541,313
0.25409928802639015,1.6319781788779646,78.54587948603681,6.618082046508789,314
0.25926334545364044,1.6329337710614704,86.16407595977245,6.672219753265381,315
0.253534527457393,1.6273065053898355,78.86921529996394,6.625688552856445,316
0.2515787080697277,1.6301719050883028,78.31022104699925,6.753078460693359,317
0.25199816205069575,1.6319789846839807,76.63347133624028,6.706646919250488,318
0.2645649883272055,1.6286411132958845,79.529908864779,6.743968963623047,319
0.2494706824931609,1.6328504123651157,79.09980762793803,6.58260440826416,320
0.2616929334369214,1.6308355512826338,76.32802799824859,6.623691082000732,321
0.2620135819327439,1.6370803758006571,74.35696090173765,6.735331058502197,322
0.25152261942134374,1.6278262409712652,77.63881270381361,6.3836188316345215,323
0.2698259847726949,1.6385487375966727,77.49379356916126,6.406294822692871,324
0.24885510825349585,1.6314629226389443,72.40685113390481,6.616952419281006,325
0.24878283280431462,1.631694085381525,82.58849747918109,6.27801513671875,326
0.25469011869853186,1.6334454415704283,70.6441750898619,6.594378471374512,327
0.23790670242613118,1.6257679303893653,74.30036515680868,6.675140857696533,328
0.2523628912003868,1.6316790518248478,74.46713518374665,6.645740509033203,329
0.24835341583218074,1.6381449383847855,73.55532203806911,6.578383445739746,330
0.26033047762820904,1.6387863515892906,75.07176533126935,6.739696502685547,331
0.2505463137448577,1.6392279502071079,79.44706855516408,6.606782913208008,332
0.2593974203878866,1.6353605250873224,71.39415679077082,6.6569623947143555,333
0.2471957926077487,1.6336259526364945,74.25196222339855,6.696919918060303,334
0.2478364685769467,1.6376592529094434,76.32211615930794,6.664332866668701,335
0.2479179204486863,1.6356959550277046,73.92769969713864,6.675123691558838,336
0.2420607418348284,1.6352694383667559,75.09891950853861,6.7272114753723145,337
0.2559999242922782,1.6352764281165568,71.79804331829803,6.852851390838623,338
0.244603140342771,1.6315883430068756,80.13121741759193,6.8315229415893555,339
0.2542535811150566,1.6318605234250998,81.81841181120456,6.44331169128418,340
0.2504219149901529,1.6401215930424078,73.82583218094766,6.628468990325928,341
0.26399566804933006,1.6362513759556938,71.24198172270385,6.884799957275391,342
0.25144889354205613,1.634917022017262,65.53827730688798,6.67671012878418,343
0.24901266596839786,1.6347150596816216,77.15214386381471,6.650576114654541,344
0.24598752858017184,1.6381259168810247,68.52398128398598,6.799399375915527,345
0.252142794332598,1.6372101782532908,71.03382629478921,6.765011787414551,346
0.24295492947835218,1.6336214731416434,72.62016030630443,6.59437370300293,347
0.2498332833194786,1.6352631675312892,79.30378058435197,6.774826526641846,348
0.2566475747677181,1.6382598626948988,76.405702093994,6.547085285186768,349
0.2593283187788542,1.637287845239615,72.82336419825144,6.7328338623046875,350
0.24157428637842465,1.6312089137104162,76.90203297923095,6.890742778778076,351
0.24176485647144905,1.6326144670738894,75.00817985914058,6.76259708404541,352
0.25768564587168374,1.6350256367717557,71.21492905239354,6.672374248504639,353
0.26063731177698085,1.6409678289957363,71.51726580237828,6.692840099334717,354
0.2613890029756767,1.6349664716159595,80.75972498670286,6.526340007781982,355
0.2524423017952582,1.6328613989798308,77.27004787787567,6.622568607330322,356
0.2534460342439163,1.630338602968494,72.29295945811366,6.94926643371582,357
0.25175773280868047,1.6374278063969234,73.76131339129117,6.692917346954346,358
0.2486042408105891,1.635189257619326,73.06914728672828,6.844437599182129,359
0.2514714667206759,1.6343788181424446,77.26463982221705,6.757637977600098,360
0.24749300786939538,1.633649356072516,78.35838587677239,6.522215366363525,361
0.2446553789584152,1.6343536306830013,73.4557025398147,7.061434745788574,362
0.24286358142533646,1.6365260971171776,74.21187523193444,6.658709526062012,363
0.24023457131493847,1.6368137588891227,77.13091947294336,6.636528968811035,364
0.24617246011762745,1.6420961257136997,70.11551980226596,6.783423900604248,365
0.2521238485893087,1.6379960225061383,76.88094146776909,6.771509647369385,366
0.2554426166798224,1.6410075583116477,76.20947881677634,6.688718318939209,367
0.24489668952753704,1.641518880644113,66.52353618814905,6.83748197555542,368
0.2464156877582945,1.6375839428218735,78.1440862293952,6.661568641662598,369
0.24275008389902542,1.635444840964149,82.04194812241755,6.549225807189941,370
0.2502218816343628,1.6313671500176725,73.73081536053857,6.681323528289795,371
0.24006984936957107,1.640929054878557,68.02662423538965,6.781633377075195,372
0.2500802292893438,1.6326529022372898,77.70185687070871,6.837623596191406,373
0.2577750351401451,1.6429104132725454,75.37507931927125,6.546585559844971,374
0.24830704069841664,1.63893584323966,72.76685504858625,6.614348411560059,375
0.25384100984134106,1.6365896725593625,79.44411028107821,6.857474327087402,376
0.24107309945446947,1.6358240204089134,70.41572132025628,6.833410263061523,377
0.246289338872475,1.6390449880334117,79.3183221256344,6.590391635894775,378
0.25530185901781405,1.6368043577427145,76.09320938616561,6.595784664154053,379
0.25780227410790446,1.6393812454265098,78.00327349117518,6.651046276092529,380
0.24558039944585594,1.6340702115117436,80.55575239208393,6.582907676696777,381
0.25424802924632606,1.6355818481091648,74.22362028761098,6.41843843460083,382
0.254361204731533,1.646049168866004,75.76260558027596,6.759092807769775,383
0.2603758720709654,1.642019680851256,75.0872144917879,6.766017913818359,384
0.2515004051556272,1.642933294443828,83.22929420697196,6.372397422790527,385
0.2502527686414759,1.6407807198022029,70.43696167077509,6.64620304107666,386
0.24424253270337287,1.6389243637814241,71.22446180332729,6.731834411621094,387
0.24996369844183441,1.6393127325550674,70.72076179304618,6.81468391418457,388
0.242862870189054,1.6366592913942264,79.77704460922561,6.874637603759766,389
0.2556995783225083,1.6476322947560673,79.24618995459764,6.925049781799316,390
0.2498198665584416,1.6337970066863252,71.40353273371232,6.805942058563232,391
0.25278446122961085,1.6415886930797412,82.29571238965428,6.375438213348389,392
0.25399589652429,1.6398297404999014,72.27909686258097,6.592868328094482,393
0.2566389698628098,1.6411731201974327,74.4830702577913,6.536290168762207,394
0.24609390678136703,1.6369704643783667,80.55572541167216,6.625173568725586,395
0.25303384726343064,1.6450790171428105,77.91272853745804,6.537394046783447,396
0.24051909321321227,1.6364787066988933,75.11201715558175,6.60797643661499,397
0.24719935142413696,1.637850811566843,77.16295621879335,6.587734699249268,398
0.24726479351901642,1.6399436830864538,77.16088413301904,6.592480182647705,399
0.24485544322768366,1.6388870009680843,76.80986548181093,6.471190452575684,400
0.24962453792095565,1.6413449250218812,75.07393882400078,6.782397747039795,401
0.2543543761612757,1.6467270948697843,74.06123113467515,6.7511186599731445,402
0.2416716526450632,1.6424887049228638,73.52738227612734,6.6793317794799805,403
0.24489170787832165,1.6385005171341664,75.29751936212207,6.941175937652588,404
0.2543270178889508,1.634681049667661,73.21390669629399,6.709716320037842,405
0.2532846849302159,1.6421516902001618,70.4540264638646,6.596197605133057,406
0.25076333148038144,1.640811518787423,69.44201886283095,6.716365814208984,407
0.2552332121907445,1.6414321587823542,75.33380543336443,7.038815021514893,408
0.25111307753392914,1.6421883362333487,77.41175216107754,6.615453720092773,409
0.2535269206027736,1.6421544413127558,76.85341933344856,6.306768894195557,410
0.24154430801939705,1.6404383156610571,74.13017727565145,6.384016036987305,411
0.25990100133487637,1.6400852855818961,70.91588077204948,6.846044540405273,412
0.2532741621855999,1.6443657785120522,78.61755867817635,6.705557823181152,413
0.25211220841421306,1.6451255833096516,73.59407670929897,6.656418800354004,414
0.2533791774736189,1.645759132664527,70.92953021154473,6.587761402130127,415
0.23610237185412164,1.6377937330309387,72.74631383428155,6.662608623504639,416
0.24097924058556633,1.6456146513104744,70.18969258854365,6.443538188934326,417
0.25417615730515525,1.6455746585755702,73.60229228090714,6.841639518737793,418
0.24564835521609277,1.6375045447093446,76.1122465488478,6.497093677520752,419
0.2507445299068985,1.6434301450429365,75.4818094377238,6.547711372375488,420
0.24529496060631922,1.648018717460925,73.43665963677911,6.719795227050781,421
0.24866672181059865,1.6442917925317575,68.36501993422479,6.772000312805176,422
0.24911500920620186,1.6415906876249386,77.0475272152207,6.656290054321289,423
0.2504737157650921,1.6448525658348943,74.93457428587334,6.508426666259766,424
0.24772667134171136,1.644482931212696,69.5033151102321,6.667791366577148,425
0.24986374681062826,1.6484992273933137,73.56484827092233,6.870316505432129,426
0.2435121860610002,1.6465581259154298,74.5719455330273,6.550347805023193,427
0.2490197509274725,1.6378960598765127,74.55167515531696,6.835169792175293,428
0.24508494426451072,1.6427638635915869,74.61399925124682,6.833600997924805,429
0.24856591571594025,1.645713414225127,71.79094949072974,6.4978814125061035,430
0.2536668411844298,1.648270772088824,76.36128086925986,6.822568416595459,431
0.23998365863023893,1.646372397994751,76.8663123119322,6.75100564956665,432
0.24703798178807282,1.6504791116775455,77.88117354891246,6.63815450668335,433
0.2507735365082312,1.6412834153150964,72.0712378357398,6.638618469238281,434
0.24183297530293008,1.64715222355045,68.15068819649855,6.876072883605957,435
0.24633882479156222,1.6434411984270492,68.06946737140278,6.773303031921387,436
0.24544816245884657,1.6433546590378216,73.28208692886534,7.022268295288086,437
0.23523528043590392,1.6444012275742144,67.99085921005258,6.878976345062256,438
0.24867229496040727,1.6412943868380983,65.40363359700132,6.8803253173828125,439
0.26024518693651993,1.6423796849787389,70.19913018555778,6.841485023498535,440
0.25023318580149306,1.6428769095169613,76.31376038349859,6.68616247177124,441
0.25079331314786696,1.6446626631500165,73.22278190516619,6.660421848297119,442
0.2512252194892682,1.6446554491587002,72.59763940022043,6.777951240539551,443
0.2559991508800908,1.6453765604806982,74.20962344954127,6.708007335662842,444
0.26274715517195,1.6485477623427311,71.85279928301232,6.606841087341309,445
0.2555895413020792,1.6437891826910132,73.15212124042851,6.969166278839111,446
0.23598731767810177,1.6391696850662036,67.92999148529401,6.737138271331787,447
0.2480820398646719,1.6465292714745796,66.9820808619086,6.817218780517578,448
0.2463054212758227,1.6489133022325424,73.65929411832384,6.661220550537109,449
0.24716180194135937,1.6477362220854406,75.57318361412915,6.790909290313721,450
0.24965768985097747,1.6453583056054761,71.87192534176162,6.896092891693115,451
0.2511028452500072,1.6505674686273346,69.32051477782511,6.733606338500977,452
0.25636266214270476,1.6457869029410965,67.56645515369621,6.7165632247924805,453
0.24592012154710147,1.6455127334655704,70.75694997025344,6.827156066894531,454
0.26032029784968136,1.6495531940704111,64.56850262126558,6.808997631072998,455
0.2526266960667737,1.646181713894505,73.20984858891488,6.704973220825195,456
0.2597668966507096,1.6411374253994973,77.34250757112599,6.612730979919434,457
0.238139613812594,1.6456683180521212,72.82834552053214,6.779842853546143,458
0.25809756681725593,1.6465973852540525,77.38453055671692,6.839035511016846,459
0.23665008978213153,1.641216183867296,70.24964542822951,6.789399147033691,460
0.24583575076273526,1.649063846110688,66.27857691576062,6.956878185272217,461
0.2488255781524093,1.6499051907483269,74.19626607817514,6.733825206756592,462
0.25324469270384714,1.6432520338641408,66.91412144119688,7.032131195068359,463
0.24056051548598978,1.649473145947127,72.8937912356,7.06264066696167,464
0.2503529936777871,1.641040044977232,75.171016830298,6.793107509613037,465
0.25865737489922463,1.6443995037652037,71.37956916287531,6.751073360443115,466
0.25161403969949697,1.6497036906154565,71.83957684178017,6.9107842445373535,467
0.2521559146251958,1.6482164986298213,73.80545331462082,6.850070953369141,468
0.2526542829918911,1.6492178956870838,65.33576493603816,6.869354248046875,469
0.25344850197362967,1.6451535038935863,73.31383379484686,6.719486236572266,470
0.22423628004639387,1.6492229924177575,72.81799111121362,6.758029937744141,471
0.25345504779816436,1.6505864312886582,68.82540707188166,6.95107364654541,472
0.2519708440860595,1.6487327672331535,68.18726222889795,7.003839492797852,473
0.25170937496835316,1.6537176649588758,69.52767605690485,6.5797505378723145,474
0.2512908016094495,1.648615075956525,68.00063021075368,6.962304592132568,475
0.23854933442581264,1.6459951223924643,74.64220644208328,6.800073623657227,476
0.24262797856486648,1.6457367963193323,73.87095288313803,6.690640449523926,477
0.2533189241031228,1.6470513182222997,74.45638559766378,6.868855953216553,478
0.2587625827685551,1.6487431042944378,72.84931732319318,6.689516067504883,479
0.2406176218901144,1.646059956392059,72.1356658313638,6.772889137268066,480
0.2509956700516546,1.651727728069286,69.20433139719324,6.911535263061523,481
0.2435127022578512,1.6419568915501275,77.91939015536707,6.8104329109191895,482
0.24692510891362757,1.647602756005114,70.5951851488555,6.706335544586182,483
0.24169951240660723,1.6482594799812493,64.62903790210632,6.81102180480957,484
0.24064947848739413,1.6474248835497804,72.65033487567163,6.849390983581543,485
0.24818457430109497,1.6468662200376505,70.94241065046594,6.614409923553467,486
0.25480108784602196,1.6493591876590954,72.58439233160374,6.7051777839660645,487
0.24616056130936995,1.6498387407158952,66.01715670948923,6.752925395965576,488
0.25504687371547036,1.6520638069533327,67.47683172417977,6.761353492736816,489
0.25637134122650335,1.6451179918730656,74.26820892398955,6.6190972328186035,490
0.24514457942379633,1.6542554721807885,70.56413497582864,6.7758893966674805,491
0.23849484110918,1.6490567233556372,74.2644146948399,6.7863874435424805,492
0.24455520559978836,1.6477393660399005,72.46157998429982,6.772195816040039,493
0.24680659288178433,1.6418902852651103,68.8844932189137,6.889378547668457,494
0.24268254969278566,1.6504322046514057,70.35531295512659,6.823908805847168,495
0.2370363045995936,1.6487850684034244,69.1360987605135,6.946503639221191,496
0.2572622855439249,1.6523011335936348,71.76874036697532,6.796618461608887,497
0.24192444663232818,1.6535160558302995,72.85856224899236,6.872710704803467,498
0.23433312867074976,1.6490766130140067,75.14269519233791,6.650020122528076,499
0.263309621241401,1.6487777284953906,74.26171249611497,6.6022820472717285,500
